{
  // These tasks will run in order when initializing your CodeSandbox project.
  "setupTasks": [
    {
      "name": "Install Dependencies",
      "command": "yarn install"
    }
  ],

  // These tasks can be run from CodeSandbox. Running one will open a log in the app.
  "tasks": {
    "start": {
      "name": "start",
      "command": "yarn start",
      "runAtStart": true,
      "preview": {
        "port": 8080
      }
    },
    "install": {
      "name": "install dependencies",
      "command": "yarn install"
    }
  }
}
